UCL_CODE_2021,UCL_NAME_2021,SOSR_CODE_2021
101001,Sydney,101
102001,Canberra - Queanbeyan (Queanbeyan Part),102
102002,Central Coast,102
102003,Gold Coast - Tweed Heads (Tweed Heads Part),102
102004,Newcastle,102
102005,Wollongong,102
111001,Albury - Wodonga (Albury Part),111
111002,Coffs Harbour,111
111003,Maitland (NSW),111
112001,Armidale,112
112002,Bathurst,112
112003,Blue Mountains,112
112004,Bowral - Mittagong,112
112005,Cessnock,112
112006,Dubbo,112
112007,Echuca - Moama (Moama Part),112
112008,Forster - Tuncurry,112
112009,Goulburn,112
112010,Griffith,112
112011,Kurri Kurri,112
112012,Lismore (NSW),112
112013,Mildura - Buronga (Buronga Part),112
112014,Morisset - Cooranbong,112
112015,Nowra - Bomaderry,112
112016,Orange,112
112017,Port Macquarie,112
112018,Tamworth,112
112019,Wagga Wagga,112
113001,Ballina,113
113002,Batemans Bay,113
113003,Broken Hill,113
113004,Byron Bay,113
113005,Grafton,113
113006,Kempsey,113
113007,Kiama,113
113008,Lithgow,113
113009,Medowie,113
113010,Mudgee,113
113011,Muswellbrook,113
113012,Nelson Bay,113
113013,Raymond Terrace,113
113014,Singleton,113
113015,St Georges Basin - Sanctuary Point,113
113016,Taree,113
113017,Ulladulla,113
113018,Yarrawonga - Mulwala (Mulwala Part),113
114001,Alstonville,114
114002,Camden Haven,114
114003,Casino,114
114004,Cooma,114
114005,Cootamundra,114
114006,Corowa - Wahgunyah (Corowa Part),114
114007,Cowra,114
114008,Deniliquin,114
114009,Estella,114
114010,Forbes,114
114011,Glen Innes,114
114012,Googong,114
114013,Gunnedah,114
114014,Helensburgh,114
114015,Inverell,114
114016,Leeton,114
114017,Lennox Head,114
114018,Merimbula,114
114019,Moree,114
114020,Moss Vale,114
114021,Murwillumbah,114
114022,Nambucca Heads,114
114023,Narrabri,114
114024,Parkes,114
114025,Pottsville,114
114026,Richmond North,114
114027,Salamander Bay - Soldiers Point,114
114028,Scone,114
114029,Silverdale - Warragamba,114
114030,South West Rocks,114
114031,Summerland Point - Gwandalan,114
114032,Tahmoor,114
114033,Tumut,114
114034,Wauchope,114
114035,Woolgoolga,114
114036,Yamba,114
114037,Yass,114
114038,Young,114
115001,Aberdeen,115
115002,Anna Bay - Boat Harbour,115
115003,Appin,115
115004,Arrawarra,115
115005,Balranald,115
115006,Bangalow,115
115007,Bargo,115
115008,Barham - Koondrook (Barham Part),115
115009,Barooga,115
115010,Barraba,115
115011,Basin View,115
115012,Batlow,115
115013,Bega,115
115014,Bellingen,115
115015,Bermagui,115
115016,Berridale,115
115017,Berry,115
115018,Bingara,115
115019,Blackheath,115
115020,Blayney,115
115021,Bombala,115
115022,Bonny Hills,115
115023,Boorowa,115
115024,Bourke,115
115025,Bowen Mountain,115
115026,Braidwood,115
115027,Branxton,115
115028,Broulee - Mossy Point,115
115029,Brunswick Heads,115
115030,Bulahdelah,115
115031,Bundanoon,115
115032,Bundeena,115
115033,Bungendore,115
115034,Buxton (NSW),115
115035,Calala,115
115036,Callala Bay,115
115037,Cambewarra Village,115
115038,Canowindra,115
115039,Cobar,115
115040,Colo Vale,115
115041,Condobolin,115
115042,Coolamon,115
115043,Coonabarabran,115
115044,Coonamble,115
115045,Coraki,115
115046,Corindi Beach,115
115047,Crookwell,115
115048,Culburra Beach - Orient Point,115
115049,Culcairn,115
115050,Cumbalum,115
115051,Dalmeny,115
115052,Denman,115
115053,Dorrigo,115
115054,Douglas Park,115
115055,Dungog,115
115056,Eden,115
115057,Evans Head,115
115058,Fingal Bay,115
115059,Finley,115
115060,Forest Hill (NSW),115
115061,Frederickton,115
115062,Freemans Reach,115
115063,Galston,115
115064,Gerringong,115
115065,Gilgandra,115
115066,Glossodia,115
115067,Gloucester,115
115068,Greenwell Point,115
115069,Grenfell,115
115070,Greta,115
115071,Gulgong,115
115072,Gulmarrad,115
115073,Gundagai,115
115074,Guyra,115
115075,Hallidays Point - Black Head,115
115076,Harden - Murrumburrah,115
115077,Harrington,115
115078,Hawks Nest ,115
115079,Hay,115
115080,Hill Top,115
115081,Hillston,115
115082,Holbrook,115
115083,Howlong,115
115084,Iluka,115
115085,Jamberoo,115
115086,Jindabyne,115
115087,Jindera,115
115088,Junction Hill,115
115089,Junee,115
115090,Kandos,115
115091,Karuah,115
115092,Kootingal,115
115093,Kurrajong,115
115094,Kyogle,115
115095,Lake Cargelligo,115
115096,Lake Cathie,115
115097,Lemon Tree Passage,115
115098,Lightning Ridge,115
115099,Macksville,115
115100,Maclean,115
115101,Malua Bay,115
115102,Manilla,115
115103,Merriwa,115
115104,Milton,115
115105,Molong,115
115106,Moruya,115
115107,Mullumbimby,115
115108,Murrumbateman,115
115109,Narooma,115
115110,Narrandera,115
115111,Narromine,115
115112,North Rothbury,115
115113,Nyngan,115
115114,Oberon,115
115115,Ocean Shores,115
115116,Old Bar,115
115117,Old Erowal Bay,115
115118,Pambula,115
115119,Picton,115
115120,Pitt Town,115
115121,Portland (NSW),115
115122,Quirindi,115
115123,Robertson,115
115124,Sandy Beach - Emerald Beach,115
115125,Shoalhaven Heads,115
115126,Skennars Head,115
115127,Smiths Lake,115
115128,South Golden Beach,115
115129,Stanwell Park,115
115130,Sussex Inlet,115
115131,Tanilba Bay,115
115132,Tathra,115
115133,Tea Gardens,115
115134,Temora,115
115135,Tenterfield,115
115136,The Oaks,115
115137,Thirlmere,115
115138,Thrumster,115
115139,Tocumwal,115
115140,Tomakin,115
115141,Tumbarumba,115
115142,Tuross Head,115
115143,Uralla,115
115144,Urunga,115
115145,Valla Beach,115
115146,Vincentia,115
115147,Vincentia West,115
115148,Walcha,115
115149,Walgett,115
115150,Wallacia,115
115151,Wallerawang,115
115152,Warialda,115
115153,Warren,115
115154,Wee Waa,115
115155,Wellington,115
115156,Wentworth,115
115157,Werris Creek,115
115158,West Wyalong,115
115159,Wilberforce,115
115160,Wilton,115
115161,Wingham,115
115162,Wollongbar,115
115163,Wyee,115
115164,Wyee Point,115
115165,Yenda,115
121001,Adelong (L),121
121002,Baradine (L),121
121003,Bawley Point (L),121
121004,Beechwood (L),121
121005,Belimbla Park (L),121
121006,Berrara - Cudmirrah (L),121
121007,Berrigan (L),121
121008,Boggabilla (L),121
121009,Boggabri (L),121
121010,Boomerang Beach - Blueys Beach (L),121
121011,Bowraville (L),121
121012,Brandy Hill (L),121
121013,Brewarrina (L),121
121014,Broadwater (L),121
121015,Brooklyn (L),121
121016,Burringbar (L),121
121017,Catherine Hill Bay (L),121
121018,Clarence Town (L),121
121019,Clifton Grove (L),121
121020,Clunes (L) (NSW),121
121021,Coleambally (L),121
121022,Coolah (L),121
121023,Coomba Park (L),121
121024,Coutts Crossing (L),121
121025,Cowan (L),121
121026,Crescent Head (L),121
121027,Cudgen (L),121
121028,Cunjurong Point - Manyana (L),121
121029,Curlewis (L),121
121030,Darlington Point (L),121
121031,Diamond Beach (L),121
121032,Dunedoo (L),121
121033,Dunoon (L),121
121034,East Jindabyne (L),121
121035,Ellalong (L),121
121036,Emerald Beach West (L),121
121037,Erowal Bay (L),121
121038,Eugowra (L),121
121039,Ewingsdale (L),121
121040,Firgrove (L),121
121041,Ganmain (L),121
121042,Gerroa (L),121
121043,Glenorie (L),121
121044,Glenreagh (L),121
121045,Green Point (L),121
121046,Gundaroo (L),121
121047,Gunning (L),121
121048,Hallidays Point - West (L),121
121049,Hanwood (L),121
121050,Hastings Point (L),121
121051,Henty (L),121
121052,Huskisson (L),121
121053,Jerilderie (L),121
121054,Jilliby (L),121
121055,Kalaru (L),121
121056,Kendall (L),121
121057,Killingworth (L),121
121058,King Creek (L),121
121059,Kings Point (L),121
121060,Kingswood (L),121
121061,Kitchener (L),121
121062,Kurrajong Heights (L),121
121063,Lake Conjola (L),121
121064,Lake Tabourie (L),121
121065,Lawrence (L),121
121066,Lochinvar (L),121
121067,Lockhart (L),121
121068,Long Beach - Maloneys Beach (L),121
121069,Louth Park (L),121
121070,Maianbar (L),121
121071,Manildra (L),121
121072,Marulan (L),121
121073,Mathoura (L),121
121074,Medlow Bath (L),121
121075,Menangle (L),121
121076,Millfield (L),121
121077,Millthorpe (L),121
121078,Minmi (L),121
121079,Modanville (L),121
121080,Moonee Beach (L),121
121081,Moonee Beach West (L),121
121082,Moruya Heads (L),121
121083,Mount Victoria (L),121
121084,Mulgoa (L),121
121085,Murrays Beach (L),121
121086,Murrurundi (L),121
121087,Nabiac (L),121
121088,New Berrima (L),121
121089,Nords Wharf (L),121
121090,Nowra Hill (L),121
121091,Nunderi (L),121
121092,Oakdale (L),121
121093,Paxton (L),121
121094,Peak Hill (L),121
121095,Putta Bucca - Bombira (L),121
121096,Red Head (L),121
121097,Repton (L),121
121098,Richmond Hill (L),121
121099,Rylstone (L),121
121100,Safety Beach (L),121
121101,Salt Ash (L),121
121102,Scotts Head (L),121
121103,Smithtown - Gladstone (L),121
121104,Stroud (L),121
121105,Stuarts Point (L),121
121106,Tallwoods Village (L),121
121107,The Rock (L),121
121108,Tinonee (L),121
121109,Tintenbar (L),121
121110,Townsend (L),121
121111,Trangie (L),121
121112,Uranquinty (L),121
121113,Walla Walla (L),121
121114,Wallabi Point (L),121
121115,Wallaga Lake (L),121
121116,Wallalong (L),121
121117,Wardell (L),121
121118,Waterfall (L),121
121119,Waterview Heights (L),121
121120,Wilcannia (L),121
121121,Wingello (L),121
121122,Wongarbon (L),121
121123,Woodburn (L),121
121124,Wooli (L),121
121125,Woombah (L),121
121126,Wooroowoolgan (L),121
121127,Yanderra (L),121
121128,Yerrinbool (L),121
122001,Abernethy (L),122
122002,Adaminaby (L),122
122003,Agnes Banks (L),122
122004,Angourie (L),122
122005,Ardlethan (L),122
122006,Ariah Park (L),122
122007,Ashford (L),122
122008,Ashley (L),122
122009,Attunga (L),122
122010,Awaba (L),122
122011,Balmoral (L),122
122012,Barellan (L),122
122013,Barmedman (L),122
122014,Bemboka (L),122
122015,Berrima (L),122
122016,Bilbul (L),122
122017,Binalong (L),122
122018,Binnaway (L),122
122019,Bodalla (L),122
122020,Bonalbo (L),122
122021,Bonny Hills - West (L),122
122022,Bonville - East (L),122
122023,Bonville (L),122
122024,Bowning (L),122
122025,Bredbo (L),122
122026,Broke (L),122
122027,Brooms Head (L),122
122028,Bundarra (L),122
122029,Burrawang (L),122
122030,Candelo (L),122
122031,Caniaba (L),122
122032,Captains Flat (L),122
122033,Cargo (L),122
122034,Clarenza (L),122
122035,Cobargo (L),122
122036,Collarenebri (L),122
122037,Collector (L),122
122038,Conjola Park (L),122
122039,Coopernook (L),122
122040,Copmanhurst (L),122
122041,Coramba (L),122
122042,Couridjah (L),122
122043,Cudal (L),122
122044,Cullen Bullen (L),122
122045,Cumnock (L),122
122046,Currarong (L),122
122047,Dangar Island (L),122
122048,Dareton (L),122
122049,Deepwater (L),122
122050,Delegate (L),122
122051,Delungra (L),122
122052,Elizabeth Beach (L),122
122053,Emmaville (L),122
122054,Euston (L),122
122055,Exeter (L) (NSW),122
122056,Fairy Hill (L),122
122057,Falls Creek (L) (NSW),122
122058,Fishermans Paradise (L),122
122059,Geurie (L),122
122060,Gilgai (L),122
122061,Goodooga (L),122
122062,Goolgowi (L),122
122063,Gresford (L),122
122064,Gulargambone (L),122
122065,Hat Head (L),122
122066,Hinton (L),122
122067,Hyland Park (L),122
122068,Ivanhoe (L),122
122069,Kangaroo Valley (L),122
122070,Kenthurst (L),122
122071,Kew (L),122
122072,Khancoban (L),122
122073,Kioloa (L),122
122074,Koorawatha (L),122
122075,Kurmond (L),122
122076,Ladysmith (L),122
122077,Lansdowne (L),122
122078,Lennox Head - West (L),122
122079,Linden (L),122
122080,Luddenham (L),122
122081,Lyndhurst (L),122
122082,Manning Point (L),122
122083,Marrangaroo (L),122
122084,Menangle Park (L),122
122085,Mendooran (L),122
122086,Menindee (L),122
122087,Minnie Water (L),122
122088,Mogo (L),122
122089,Moonbi (L),122
122090,Mooney Mooney (L),122
122091,Moulamein (L),122
122092,Mulbring (L),122
122093,Mungindi (L),122
122094,Mylestom (L),122
122095,Nana Glen (L),122
122096,Nelligen (L),122
122097,Nemingha (L),122
122098,Nimbin (L),122
122099,Nimmitabel (L),122
122100,North Arm Cove (L),122
122101,North Shore (L),122
122102,Nundle (L),122
122103,Oaklands (L),122
122104,Orchard Hills (L),122
122105,Otford (L),122
122106,Pallamallawa (L),122
122107,Paterson (L),122
122108,Patonga (L),122
122109,Perisher Village (L),122
122110,Perthville (L),122
122111,Picton - West (L),122
122112,Pindimar (L),122
122113,Rainbow Flat (L),122
122114,Red Rock (L),122
122115,Riverside (L),122
122116,Rosedale - Guerilla Bay (L),122
122117,Seaham (L),122
122118,Seahampton (L),122
122119,South Durras (L),122
122120,South Pambula (L),122
122121,Spring Hill (L),122
122122,Stanwell Tops (L),122
122123,Stockinbingal (L),122
122124,Sutton (L),122
122125,Talbingo (L),122
122126,Tapitallee (L),122
122127,Taralga (L),122
122128,Tarcutta (L),122
122129,Tarraganda (L),122
122130,Telegraph Point (L),122
122131,Thredbo Village (L),122
122132,Tingha (L),122
122133,Tomago (L),122
122134,Tomerong (L),122
122135,Tooleybuc (L),122
122136,Toomelah (L),122
122137,Tottenham (L),122
122138,Trundle (L),122
122139,Tucabia (L),122
122140,Tullamore (L),122
122141,Tumbulgum (L),122
122142,Tyalgum (L),122
122143,Uki (L),122
122144,Ulmarra (L),122
122145,Ungarie (L),122
122146,Urana (L),122
122147,Urbenville (L),122
122148,Wallabadah (L),122
122149,Whitton (L),122
122150,Wolumla (L),122
122151,Woodenbong (L),122
122152,Woodstock (L),122
122153,Woollamia (L),122
122154,Wooloweyah (L),122
122155,Wyalong (L),122
122156,Yanco (L),122
122157,Yarramundi (L),122
122158,Yeoval (L),122
131001,Remainder of State/Territory (NSW),131
179997,Migratory - Offshore - Shipping (NSW),179
199994,No usual address (NSW),199
201001,Melbourne,201
203001,Ballarat,203
203002,Bendigo,203
203003,Geelong,203
211001,Albury - Wodonga (Wodonga Part),211
211002,Melton,211
212001,Bacchus Marsh,212
212002,Echuca - Moama (Echuca Part),212
212003,Mildura - Buronga (Mildura Part),212
212004,Ocean Grove - Barwon Heads,212
212005,Shepparton - Mooroopna,212
212006,Sunbury,212
212007,Torquay - Jan Juc,212
212008,Traralgon,212
212009,Warrnambool,212
213001,Bairnsdale,213
213002,Castlemaine,213
213003,Colac,213
213004,Drouin,213
213005,Drysdale - Clifton Springs,213
213006,Gisborne,213
213007,Horsham,213
213008,Lara,213
213009,Leopold,213
213010,Moe - Newborough,213
213011,Morwell,213
213012,Portland (Vic.),213
213013,Sale,213
213014,Swan Hill,213
213015,Wallan,213
213016,Wangaratta,213
213017,Warragul,213
213018,Yarrawonga - Mulwala (Yarrawonga Part),213
214001,Ararat,214
214002,Bannockburn,214
214003,Benalla,214
214004,Cobram,214
214005,Corowa - Wahgunyah (Wahgunyah Part),214
214006,Cowes,214
214007,Diggers Rest,214
214008,Hamilton,214
214009,Healesville,214
214010,Inverloch,214
214011,Kilmore,214
214012,Kyabram,214
214013,Kyneton,214
214014,Lakes Entrance,214
214015,Leongatha,214
214016,Maryborough (Vic.),214
214017,Point Lonsdale - Queenscliff,214
214018,Portarlington - St Leonards,214
214019,Seymour,214
214020,Stawell,214
214021,Whittlesea,214
214022,Wonthaggi,214
215001,Aireys Inlet - Fairhaven,215
215002,Alexandra,215
215003,Anglesea,215
215004,Apollo Bay,215
215005,Avoca,215
215006,Ballan,215
215007,Balnarring - Balnarring Beach,215
215008,Baranduda,215
215009,Barham - Koondrook (Koondrook Part),215
215010,Beaconsfield Upper,215
215011,Beaufort,215
215012,Beechworth,215
215013,Beveridge,215
215014,Blind Bight,215
215015,Bright,215
215016,Broadford,215
215017,Bunyip,215
215018,Camperdown,215
215019,Cape Woolamai,215
215020,Casterton,215
215021,Chiltern,215
215022,Churchill,215
215023,Cobden,215
215024,Cohuna,215
215025,Corinella,215
215026,Coronet Bay,215
215027,Corryong,215
215028,Creswick,215
215029,Daylesford - Hepburn Springs,215
215030,Dimboola,215
215031,Donald,215
215032,Euroa,215
215033,Eynesbury,215
215034,Foster,215
215035,Garfield,215
215036,Gembrook,215
215037,Grantville - Pioneer Bay,215
215038,Heathcote,215
215039,Heyfield,215
215040,Heywood,215
215041,Kerang,215
215042,Kinglake,215
215043,Koo Wee Rup,215
215044,Koroit,215
215045,Korumburra,215
215046,Lancefield,215
215047,Lang Lang,215
215048,Longwarry,215
215049,Lorne,215
215050,Macedon,215
215051,Maffra,215
215052,Maldon,215
215053,Mansfield,215
215054,Merbein,215
215055,Metung,215
215056,Millgrove,215
215057,Mirboo North,215
215058,Mortlake,215
215059,Mount Beauty - Tawonga,215
215060,Myrtleford,215
215061,Nagambie,215
215062,Nathalia,215
215063,Neerim South,215
215064,Nhill,215
215065,Numurkah,215
215066,Orbost,215
215067,Ouyen,215
215068,Paynesville,215
215069,Port Fairy,215
215070,Red Cliffs,215
215071,Riddells Creek,215
215072,Robinvale,215
215073,Rochester,215
215074,Romsey,215
215075,Rosedale,215
215076,Rutherglen,215
215077,San Remo,215
215078,Seville,215
215079,St Arnaud,215
215080,Stratford,215
215081,Tatura,215
215082,Teesdale,215
215083,Terang,215
215084,Tongala,215
215085,Tooradin,215
215086,Trafalgar,215
215087,Wandong - Heathcote Junction,215
215088,Warburton (Vic.),215
215089,Warracknabeal,215
215090,Winchelsea,215
215091,Wonga Park,215
215092,Woodend,215
215093,Woori Yallock - Launching Place,215
215094,Wurruk,215
215095,Yallourn North,215
215096,Yarra Glen,215
215097,Yarra Junction - Wesburn,215
215098,Yarragon,215
215099,Yarram,215
215100,Yea,215
221001,Allansford (L),221
221002,Avenel (L),221
221003,Barnawartha (L),221
221004,Batesford (L),221
221005,Birchip (L),221
221006,Birregurra (L),221
221007,Boolarra (L),221
221008,Boort (L),221
221009,Briagolong (L),221
221010,Bruthen (L),221
221011,Bushfield - Woodford (L),221
221012,Cabarita (L),221
221013,Cannons Creek (L),221
221014,Cape Paterson (L),221
221015,Cape Schanck (L),221
221016,Cardigan Village (L),221
221017,Carisbrook (L),221
221018,Charlton (L),221
221019,Clunes (L) (Vic.),221
221020,Coleraine (L),221
221021,Dalyston (L),221
221022,Dunkeld (L),221
221023,Dunolly (L),221
221024,Eagle Point (L),221
221025,Edenhope (L),221
221026,Eildon (L),221
221027,Elmore (L),221
221028,Flinders (L),221
221029,Glengarry (L),221
221030,Golden Beach - Paradise Beach (L),221
221031,Gordon (L),221
221032,Harcourt (L),221
221033,Hopetoun (L) (Vic.),221
221034,Hopetoun Park (L),221
221035,Inglewood (L) (Vic.),221
221036,Inverleigh (L),221
221037,Kaniva (L),221
221038,Kinglake West (L),221
221039,Lake Boga (L),221
221040,Lake Tyers Beach (L),221
221041,Lethbridge (L),221
221042,Lindenow (L),221
221043,Loch Sport (L),221
221044,Mallacoota (L),221
221045,Malmsbury (L),221
221046,Marong (L),221
221047,Maryknoll (L),221
221048,Meeniyan (L),221
221049,Moriac (L),221
221050,Murchison (L),221
221051,Murtoa (L),221
221052,Nar Nar Goon (L),221
221053,Newlands Arm (L),221
221054,Newstead (L),221
221055,Nichols Point (L),221
221056,Nyah West (L),221
221057,Nyora (L),221
221058,Oxley (L),221
221059,Porepunkah (L),221
221060,Raymond Island (L),221
221061,Rhyll (L),221
221062,Rushworth (L),221
221063,Sea Lake (L),221
221064,Seville East (L),221
221065,Shoreham (L),221
221066,Smythesdale (L),221
221067,Strathmerton (L),221
221068,Sunset Strip (L),221
221069,Surf Beach - Sunderland Bay (L),221
221070,Tallangatta (L),221
221071,Timboon (L),221
221072,Toongabbie (L),221
221073,Traralgon South (L),221
221074,Trentham (L),221
221075,Ventnor (L),221
221076,Venus Bay (L),221
221077,Violet Town (L),221
221078,Warneet (L),221
221079,Wedderburn (L),221
221080,Werribee South (L),221
221081,Wycheproof (L),221
221082,Wyndham Harbour (L),221
221083,Yackandandah (L),221
221084,Yinnar (L),221
222001,Arcadia Downs (L),222
222002,Arthurs Seat (L),222
222003,Axedale (L),222
222004,Baw Baw Village (L),222
222005,Beeac (L),222
222006,Bellbridge (L),222
222007,Bethanga (L),222
222008,Blackwood (L),222
222009,Bridgewater (L),222
222010,Bulla (L),222
222011,Buln Buln (L),222
222012,Bundalong (L),222
222013,Buxton (L) (Vic.),222
222014,Dales Creek (L),222
222015,Darnum (L),222
222016,Dartmoor (L),222
222017,Derrinallum (L),222
222018,Dinner Plain (L),222
222019,Don Valley (L),222
222020,Dookie (L),222
222021,East Warburton (L),222
222022,Eldorado (L),222
222023,Enfield (L),222
222024,Falls Creek (L) (Vic.),222
222025,Fish Creek (L),222
222026,Glenrowan - North (L),222
222027,Glenrowan (L),222
222028,Goornong (L),222
222029,Goroke (L),222
222030,Guildford (L),222
222031,Gunbower (L),222
222032,Halls Gap (L),222
222033,Harrietville (L),222
222034,Hazeldene (L),222
222035,Jeparit (L),222
222036,Katamatite (L),222
222037,Katandra West (L),222
222038,Kialla West (L),222
222039,Kiewa (L),222
222040,Kilcunda (L),222
222041,Learmonth (L),222
222042,Leitchville (L),222
222043,Linton (L),222
222044,Lismore (L) (Vic.),222
222045,Little River (L),222
222046,Lockington (L),222
222047,Macarthur (L),222
222048,Manangatang (L),222
222049,Marengo (L),222
222050,Marlo (L),222
222051,Marysville (L),222
222052,Meredith (L),222
222053,Merrigum (L),222
222054,Milawa (L),222
222055,Minyip (L),222
222056,Mount Buller (L),222
222057,Mount Egerton (L),222
222058,Mount Hotham (L),222
222059,Moyhu (L),222
222060,Murrayville (L),222
222061,Myrniong (L),222
222062,Natimuk (L),222
222063,Newhaven (L),222
222064,Nilma (L),222
222065,Noorat (L),222
222066,Nyah (L),222
222067,Omeo (L),222
222068,Panton Hill (L),222
222069,Penshurst (L),222
222070,Peterborough (L),222
222071,Poowong (L),222
222072,Port Albert (L),222
222073,Port Campbell (L),222
222074,Powelltown (L),222
222075,Pyalong (L),222
222076,Pyramid Hill (L),222
222077,Rainbow (L),222
222078,Rawson (L),222
222079,Red Hill South (L),222
222080,Rupanyup (L),222
222081,Sandy Point (L),222
222082,Sawmill Settlement (L),222
222083,Shepparton East (L),222
222084,Skipton (L),222
222085,Smiths Beach (L),222
222086,St Andrews (L),222
222087,Stanhope (L),222
222088,Talbot (L),222
222089,Tallarook (L),222
222090,Tallygaroopna (L),222
222091,Tangambalanga (L),222
222092,Toolamba (L),222
222093,Toora (L),222
222094,Tungamah (L),222
222095,Tyers (L),222
222096,Tylden (L),222
222097,Tynong (L),222
222098,Wandiligong (L),222
222099,Waterford Park (L),222
222100,Willaura (L),222
222101,Willow Grove (L),222
222102,Wimbledon Heights (L),222
222103,Wonga Park - South (L),222
222104,Woorinen South (L),222
222105,Wunghnu (L),222
231001,Remainder of State/Territory (Vic.),231
279997,Migratory - Offshore - Shipping (Vic.),279
299994,No usual address (Vic.),299
301001,Brisbane,301
302001,Gold Coast - Tweed Heads (Gold Coast Part),302
302002,Sunshine Coast,302
303001,Cairns,303
303002,Toowoomba,303
303003,Townsville,303
311001,Bundaberg,311
311002,Hervey Bay,311
311003,Mackay,311
311004,Rockhampton,311
312001,Bongaree - Woorim,312
312002,Gladstone (Qld),312
312003,Maryborough (Qld),312
312004,Nambour,312
313001,Airlie Beach - Cannonvale,313
313002,Bargara - Innes Park,313
313003,Dalby,313
313004,Emerald,313
313005,Gracemere,313
313006,Gympie,313
313007,Highfields,313
313008,Kingaroy,313
313009,Mount Isa,313
313010,Warwick,313
313011,Yarrabilba,313
313012,Yeppoon,313
314001,Atherton,314
314002,Ayr,314
314003,Beaudesert,314
314004,Beerwah,314
314005,Biloela,314
314006,Bowen,314
314007,Charters Towers,314
314008,Chinchilla,314
314009,Flagstone,314
314010,Gatton,314
314011,Goondiwindi,314
314012,Gordonvale,314
314013,Innisfail,314
314014,Jimboomba,314
314015,Kensington Grove - Regency Downs,314
314016,Mareeba,314
314017,Moranbah,314
314018,Mount Cotton,314
314019,Palmwoods,314
314020,Roma,314
314021,Sandstone Point - Ningi,314
314022,Tamborine Mountain,314
314023,Tannum Sands - Boyne Island,314
315001,Agnes Water,315
315002,Alice River,315
315003,Allingham,315
315004,Aurukun,315
315005,Babinda,315
315006,Bamaga,315
315007,Beachmere,315
315008,Blackwater,315
315009,Boonah,315
315010,Burnett Heads,315
315011,Burrum Heads,315
315012,Calliope,315
315013,Cambooya,315
315014,Cardwell,315
315015,Cedar Grove,315
315016,Cedar Vale,315
315017,Charleville,315
315018,Cherbourg,315
315019,Childers,315
315020,Clermont,315
315021,Clifton,315
315022,Cloncurry,315
315023,Collinsville,315
315024,Cooktown,315
315025,Cooloola Village,315
315026,Cooroy,315
315027,Crows Nest,315
315028,D'Aguilar,315
315029,Dayboro,315
315030,Doomadgee,315
315031,Dysart,315
315032,Emu Park,315
315033,Esk,315
315034,Eumundi,315
315035,Fernvale,315
315036,Gayndah,315
315037,Glass House Mountains,315
315038,Gowrie Junction,315
315039,Gununa,315
315040,Hamilton Island,315
315041,Hay Point,315
315042,Home Hill,315
315043,Howard,315
315044,Ingham,315
315045,Jacobs Well,315
315046,Kilcoy,315
315047,Kingsthorpe,315
315048,Kooralbyn,315
315049,Kuranda,315
315050,Laidley,315
315051,Landsborough,315
315052,Logan Village,315
315053,Longreach,315
315054,Lowood,315
315055,Macleay Island,315
315056,Malanda,315
315057,Maleny,315
315058,Marian,315
315059,Meridan Plains,315
315060,Meringandan West,315
315061,Middlemount,315
315062,Miles,315
315063,Millmerran,315
315064,Mirani,315
315065,Monto,315
315066,Mooloolah,315
315067,Moore Park,315
315068,Mossman,315
315069,Mount Morgan,315
315070,Moura,315
315071,Mulambin,315
315072,Mundubbera,315
315073,Murgon,315
315074,Nanango,315
315075,Nelly Bay,315
315076,Oakey,315
315077,Palm Island,315
315078,Pittsworth,315
315079,Pomona,315
315080,Port Douglas - Craiglie,315
315081,Proserpine,315
315082,Rainbow Beach,315
315083,Rangewood,315
315084,River Heads,315
315085,Rosewood,315
315086,Russell Island,315
315087,Samford Valley - Highvale,315
315088,Sarina,315
315089,St George,315
315090,Stanthorpe,315
315091,Thursday Island,315
315092,Tin Can Bay,315
315093,Toogoolawah,315
315094,Toogoom,315
315095,Tully,315
315096,Walkerston,315
315097,Walloon,315
315098,Weipa,315
315099,Westbrook,315
315100,Willowbank,315
315101,Withcott,315
315102,Wondai,315
315103,Wongaling Beach,315
315104,Woodford,315
315105,Woodgate,315
315106,Wyreema,315
315107,Yandina,315
315108,Yarrabah,315
315109,Yungaburra,315
321001,Aldershot (L),321
321002,Allora (L),321
321003,Apple Tree Creek (L),321
321004,Aratula (L),321
321005,Armstrong Beach (L),321
321006,Badu Island (L),321
321007,Bakers Creek (L),321
321008,Balgal Beach (L),321
321009,Barcaldine (L),321
321010,Belvedere (L),321
321011,Benaraby (L),321
321012,Biggenden (L),321
321013,Black Mountain (L),321
321014,Black River (L),321
321015,Blackall (L),321
321016,Blackbutt (L),321
321017,Blue Mountain Heights (L),321
321018,Bluewater (L),321
321019,Bluewater Park (L),321
321020,Booral (L),321
321021,Bouldercombe (L),321
321022,Boyland (L),321
321023,Brandon (L),321
321024,Brightview (L),321
321025,Burrum Heads - East (L),321
321026,Campwin Beach (L),321
321027,Canungra (L),321
321028,Capella (L),321
321029,Coochiemudlo Island (L),321
321030,Coominya (L),321
321031,Cooran (L),321
321032,Cooroibah (L),321
321033,Cooya Beach (L),321
321034,Cunnamulla (L),321
321035,Curra (L),321
321036,Delaneys Creek (L),321
321037,Dunwich (L),321
321038,Elliott Heads (L),321
321039,Flaxton (L),321
321040,Forest Acres (L),321
321041,Gin Gin (L),321
321042,Glenore Grove (L),321
321043,Glenview (L),321
321044,Glenwood (L),321
321045,Goldsborough (L),321
321046,Gooburrum (L),321
321047,Goombungee (L),321
321048,Goomeri (L),321
321049,Greenmount (L),321
321050,Helidon (L),321
321051,Herberton (L),321
321052,Hope Vale (L),321
321053,Horn Island (L),321
321054,Horseshoe Bay (L),321
321055,Hughenden (L),321
321056,Inglewood (L) (Qld),321
321057,Jandowae (L),321
321058,Kalbar (L),321
321059,Kiels Mountain (L),321
321060,Killarney (L),321
321061,Kinka Beach (L),321
321062,Kowanyama (L),321
321063,Kureelpa (L),321
321064,Kurrimine Beach (L),321
321065,Laidley Heights (L),321
321066,Lamb Island (L),321
321067,Lockhart River (L),321
321068,Lower Beechmont (L),321
321069,Mapleton (L),321
321070,Marburg (L),321
321071,Mareeba - South (L),321
321072,Minden Village (L),321
321073,Mission Beach (L),321
321074,Mitchell (L),321
321075,Mundoolun (L),321
321076,Napranum (L),321
321077,Nebo (L),321
321078,Nome (L),321
321079,Normanton (L),321
321080,Oakhurst (L),321
321081,Peachester (L),321
321082,Pie Creek (L),321
321083,Plainland (L),321
321084,Point Lookout (L),321
321085,Poona (L),321
321086,Pormpuraaw (L),321
321087,Prince Henry Heights (L),321
321088,Ravenshoe (L),321
321089,Rubyvale (L),321
321090,Samford Village (L),321
321091,Sapphire (L),321
321092,Seaforth (L),321
321093,Sharon (L),321
321094,Sloping Hummock (L),321
321095,South Mission Beach (L),321
321096,Springsure (L),321
321097,Sunshine Acres (L),321
321098,Tamborine (L),321
321099,Tara (L),321
321100,Taroom (L),321
321101,Texas (L),321
321102,Thagoona (L),321
321103,The Palms (L),321
321104,Tieri (L),321
321105,Tolga - West (L),321
321106,Tolga (L),321
321107,Toorbul (L),321
321108,Wangan (L),321
321109,Winton (L),321
321110,Witta (L),321
321111,Wonga Beach (L),321
321112,Woorabinda (L),321
321113,Yabulu (L),321
321114,Yarraman (L),321
322001,Alligator Creek (L),322
322002,Alpha (L),322
322003,Alva Beach (L),322
322004,Amity Point (L),322
322005,Aramac (L),322
322006,Arcadia Bay (L),322
322007,Augathella (L),322
322008,Bangalee (L),322
322009,Baralaba (L),322
322010,Bauple Forest (L),322
322011,Beechmont (L),322
322012,Beerburrum - North (L),322
322013,Beerburrum (L),322
322014,Bell (L),322
322015,Bingil Bay (L),322
322016,Bluff (L),322
322017,Boigu Island (L),322
322018,Boonooroo - Tuan (L),322
322019,Boreen Point (L),322
322020,Boulia (L),322
322021,Bramston Beach (L),322
322022,Burketown (L),322
322023,Burrum Heads - South (L),322
322024,Cabbage Tree Point (L),322
322025,Camooweal (L),322
322026,Cecil Plains (L),322
322027,Chillagoe (L),322
322028,Coconuts (L),322
322029,Coen (L),322
322030,Cordalba (L),322
322031,Cungulla (L),322
322032,Daintree (L),322
322033,Dauan Island (L),322
322034,Dimbulah (L),322
322035,Dirranbandi (L),322
322036,Donnybrook (L) (Qld),322
322037,Duaringa (L),322
322038,Eidsvold (L),322
322039,El Arish (L),322
322040,Erakala (L),322
322041,Erub (Darnley) Island (L),322
322042,Eton (L),322
322043,Farleigh (L),322
322044,Finch Hatton (L),322
322045,Flying Fish Point (L),322
322046,Forest Hill (L) (Qld),322
322047,Fraser Island (L),322
322048,Georgetown (L),322
322049,Giru (L),322
322050,Glenden (L),322
322051,Gowrie Mountain (L),322
322052,Grantham (L),322
322053,Grasstree Beach (L),322
322054,Haliday Bay - Ball Bay (L),322
322055,Halifax (L),322
322056,Hammond Island (L),322
322057,Harrisville (L),322
322058,Hideaway Bay - Dingo Beach (L),322
322059,Iama (Yam) Island (L),322
322060,Imbil (L),322
322061,Injinoo (L),322
322062,Injune (L),322
322063,Julia Creek (L),322
322064,Kalamia Estate (L),322
322065,Kandanga (L),322
322066,Karragarra Island (L),322
322067,Karumba (L),322
322068,Kenilworth (L),322
322069,Keppel Sands (L),322
322070,Kilkivan (L),322
322071,Laura (L) (Qld),322
322072,Lockrose (L),322
322073,Lucinda (L),322
322074,Maaroom (L),322
322075,Mabuiag Island (L),322
322076,Mapoon (L),322
322077,Mer (Murray) Island (L),322
322078,Merinda (L),322
322079,Meringandan (L),322
322080,Midge Point (L),322
322081,Millaa Millaa (L),322
322082,Miriam Vale (L),322
322083,Mirriwinni (L),322
322084,Mount Garnet (L),322
322085,Mount Julian (L),322
322086,Mount Larcom (L),322
322087,Mount Nebo (L),322
322088,Mount Perry (L),322
322089,Mourilyan (L),322
322090,Murphys Creek (L),322
322091,Nahrunda (L),322
322092,New Mapoon (L),322
322093,Newell (L),322
322094,Oak Beach (L),322
322095,Oakwood (L),322
322096,Peak Crossing (L),322
322097,Picnic Bay (L),322
322098,Placid Hills (L),322
322099,Proston (L),322
322100,Quilpie (L),322
322101,Richmond (L) (Qld),322
322102,Saibai Island (L),322
322103,Sarina Beach (L),322
322104,Saunders Beach (L),322
322105,Scottville (L),322
322106,Seisia (L),322
322107,Seventeen Seventy (L),322
322108,Silkwood (L),322
322109,South Bingera (L),322
322110,South Johnstone (L),322
322111,Southbrook (L),322
322112,Springbrook (L),322
322113,St Pauls (L),322
322114,Surat (L),322
322115,Tambo (L),322
322116,Tarzali (L),322
322117,Taylors Beach (L),322
322118,Thangool (L),322
322119,Thargomindah (L),322
322120,Theodore (L),322
322121,Tiaro (L),322
322122,Tinaroo (L),322
322123,Toolakea (L),322
322124,Toomulla (L),322
322125,Torbanlea (L),322
322126,Trebonne (L),322
322127,Tully Heads (L),322
322128,Umagico (L),322
322129,Walkamin (L),322
322130,Wallangarra (L),322
322131,Wallumbilla (L),322
322132,Wandoan (L),322
322133,Warraber Island (L),322
322134,Willows Gemfields (L),322
322135,Wujal Wujal (L),322
322136,Wurdong Heights (L),322
322137,Yangan (L),322
322138,Yelarbon (L),322
322139,Yorke Island (L),322
331001,Remainder of State/Territory (Qld),331
379997,Migratory - Offshore - Shipping (Qld),379
399994,No usual address (Qld),399
401001,Adelaide,401
412001,Gawler (SA),412
412002,Mount Barker (SA),412
412003,Mount Gambier,412
412004,Whyalla,412
413001,Crafers - Bridgewater,413
413002,Murray Bridge,413
413003,Port Augusta,413
413004,Port Lincoln,413
413005,Port Pirie,413
413006,Victor Harbor,413
414001,Goolwa,414
414002,Nairne,414
414003,Naracoorte,414
414004,Nuriootpa,414
414005,Strathalbyn,414
415001,Angaston,415
415002,Angle Vale,415
415003,Balaklava,415
415004,Balhannah,415
415005,Barmera,415
415006,Berri,415
415007,Bordertown,415
415008,Ceduna,415
415009,Clare,415
415010,Coober Pedy,415
415011,Crystal Brook,415
415012,Freeling,415
415013,Hahndorf,415
415014,Jamestown,415
415015,Kadina,415
415016,Kapunda,415
415017,Kingscote,415
415018,Kingston SE,415
415019,Lewiston,415
415020,Lobethal,415
415021,Loxton,415
415022,Lyndoch,415
415023,Maitland (SA),415
415024,Mannum,415
415025,McLaren Flat,415
415026,McLaren Vale,415
415027,Meadows,415
415028,Middleton,415
415029,Millicent,415
415030,Moonta,415
415031,Mount Compass,415
415032,Normanville,415
415033,Paringa,415
415034,Penola,415
415035,Peterborough,415
415036,Port Broughton,415
415037,Renmark,415
415038,Robe,415
415039,Roxby Downs,415
415040,Tailem Bend,415
415041,Tanunda,415
415042,Tumby Bay,415
415043,Two Wells,415
415044,Virginia,415
415045,Waikerie,415
415046,Wallaroo,415
415047,Williamstown,415
415048,Willunga,415
415049,Woodside,415
421001,Ardrossan (L),421
421002,Beachport (L),421
421003,Birdwood (L),421
421004,Burra (L),421
421005,Cleve (L),421
421006,Cockatoo Valley (L),421
421007,Coffin Bay (L),421
421008,Cowell (L),421
421009,Cummins (L),421
421010,Echunga (L),421
421011,Eudunda (L),421
421012,Gladstone (L) (SA),421
421013,Greenock (L),421
421014,Gumeracha (L),421
421015,Hamley Bridge (L),421
421016,Houghton (L),421
421017,Kanmantoo (L),421
421018,Keith (L),421
421019,Kimba (L),421
421020,Lameroo (L),421
421021,Laura (L) (SA),421
421022,Macclesfield (L),421
421023,Mallala (L),421
421024,Meningie (L),421
421025,Milang (L),421
421026,Minlaton (L),421
421027,Mount Pleasant (L),421
421028,One Tree Hill (L),421
421029,Orroroo (L),421
421030,Pinnaroo (L),421
421031,Port MacDonnell (L),421
421032,Port Wakefield (L),421
421033,Pukatja (Ernabella) (L),421
421034,Quorn (L),421
421035,Riverton (L),421
421036,Roseworthy (L),421
421037,Streaky Bay (L),421
421038,Uraidla - Summertown (L),421
421039,Wasleys (L),421
421040,Willyaroo (L),421
421041,Wudinna (L),421
421042,Yankalilla (L),421
421043,Yorketown (L),421
422001,Allendale East (L),422
422002,Amata (L),422
422003,American River (L),422
422004,Andamooka (L),422
422005,Arno Bay (L),422
422006,Auburn (L),422
422007,Blanchetown (L),422
422008,Blyth (L),422
422009,Booleroo Centre (L),422
422010,Boston (L),422
422011,Bute (L),422
422012,Callington (L),422
422013,Charleston (L),422
422014,Clarendon (L),422
422015,Clayton Bay (L),422
422016,Cobdogla (L),422
422017,Coobowie (L),422
422018,Coonalpyn (L),422
422019,Edithburgh (L),422
422020,Elliston (L),422
422021,Hawker (L),422
422022,Indulkana (L),422
422023,Kalangadoo (L),422
422024,Kaltjiti (Fregon) (L),422
422025,Karoonda (L),422
422026,Kersbrook (L),422
422027,Leigh Creek (L),422
422028,Lucindale (L),422
422029,Mimili (L),422
422030,Morgan (L),422
422031,Mount Burr (L),422
422032,Mount Torrens (L),422
422033,Mullaquana (L),422
422034,Mundulla (L),422
422035,Myponga (L),422
422036,Nangwarry (L),422
422037,Napperby (L),422
422038,Owen (L),422
422039,Parham (L),422
422040,Penneshaw (L),422
422041,Point Turton (L),422
422042,Port Germein (L),422
422043,Port Neill (L),422
422044,Port Victoria (L),422
422045,Port Vincent (L),422
422046,Saddleworth (L),422
422047,Smoky Bay (L),422
422048,Snowtown (L),422
422049,Southend (L),422
422050,Spalding (L),422
422051,Springton (L),422
422052,Stansbury (L),422
422053,Swan Reach (L),422
422054,Tantanoola (L),422
422055,Tarpeena (L),422
422056,Tintinara (L),422
422057,Truro (L),422
422058,Warooka (L),422
422059,Wilmington (L),422
422060,Wirrabara (L),422
422061,Woomera (L),422
422062,Yahl (L),422
422063,Yalata (L),422
431001,Remainder of State/Territory (SA),431
479997,Migratory - Offshore - Shipping (SA),479
499994,No usual address (SA),499
501001,Perth (WA),501
511001,Bunbury,511
512001,Albany,512
512002,Busselton,512
512003,Geraldton,512
512004,Kalgoorlie - Boulder,512
513001,Broome,513
513002,Esperance,513
513003,Karratha,513
513004,Port Hedland,513
513005,Yanchep,513
514001,Collie,514
514002,Dunsborough,514
514003,Margaret River,514
514004,Northam,514
515001,Augusta,515
515002,Binningup,515
515003,Bridgetown,515
515004,Bullsbrook,515
515005,Capel,515
515006,Carnarvon,515
515007,Cowaramup,515
515008,Dampier,515
515009,Denmark,515
515010,Derby,515
515011,Donnybrook (WA),515
515012,Drummond Cove,515
515013,Exmouth,515
515014,Fitzroy Crossing,515
515015,Harvey,515
515016,Jurien Bay,515
515017,Kalbarri,515
515018,Kambalda West,515
515019,Katanning,515
515020,Kununurra,515
515021,Little Grove,515
515022,Manjimup,515
515023,Merredin,515
515024,Moora,515
515025,Mount Barker (WA),515
515026,Mundijong,515
515027,Narrogin,515
515028,Newman,515
515029,Paraburdoo,515
515030,Pinjarra,515
515031,Port Denison - Dongara,515
515032,Serpentine,515
515033,Tom Price,515
515034,Two Rocks,515
515035,Wagin,515
515036,Waroona,515
515037,Wickham,515
515038,York,515
521001,Allanson (L),521
521002,Bakers Hill (L),521
521003,Beverley (L),521
521004,Bidyadanga (La Grange) (L),521
521005,Boddington - Ranford (L),521
521006,Boyanup (L),521
521007,Boyup Brook (L),521
521008,Brookton (L),521
521009,Bruce Rock (L),521
521010,Brunswick (L),521
521011,Burekup (L),521
521012,Cape Burney (L),521
521013,Chidlow (L),521
521014,Coolgardie (L),521
521015,Corrigin (L),521
521016,Cunderdin (L),521
521017,Dalwallinu (L),521
521018,Dardanup (L),521
521019,Denham (L),521
521020,Gabbadah (L),521
521021,Gingin (L),521
521022,Gnarabup - Prevelly (L),521
521023,Gnowangerup (L),521
521024,Halls Creek (L),521
521025,Hopetoun (L) (WA),521
521026,Jarrahdale (L),521
521027,Kambalda East (L),521
521028,Kellerberrin (L),521
521029,Kojonup (L),521
521030,Lancelin (L),521
521031,Leonora (L),521
521032,Meekatharra (L),521
521033,Mount Magnet (L),521
521034,Muchea (L),521
521035,Nannup (L),521
521036,Norseman (L),521
521037,North Pinjarra (L),521
521038,Northampton (L),521
521039,Ocean Beach (L),521
521040,Onslow (L),521
521041,Pannawonica (L),521
521042,Pemberton (L),521
521043,Peppermint Grove Beach (L),521
521044,Pingelly (L),521
521045,Quairading (L),521
521046,Roebourne (L),521
521047,Southern Cross (L),521
521048,Toodyay (L),521
521049,Warburton (L) (WA),521
521050,Wongan Hills (L),521
521051,Wundowie (L),521
521052,Wyndham (L),521
522001,Balgo (L),522
522002,Balingup (L),522
522003,Bardi (One Arm Point) (L),522
522004,Bayulu (L),522
522005,Beagle Bay (L),522
522006,Bickley (L),522
522007,Bremer Bay (L),522
522008,Broomehill Village (L),522
522009,Bullsbrook - West (L),522
522010,Carmel (L),522
522011,Carnamah (L),522
522012,Cervantes (L),522
522013,Cookernup (L),522
522014,Coolup (L),522
522015,Coral Bay (L),522
522016,Cranbrook (L),522
522017,Cuballing (L),522
522018,Cue (L),522
522019,Darkan (L),522
522020,Djarindjin - Lombadina (L),522
522021,Dowerin (L),522
522022,Dumbleyung (L),522
522023,Dwellingup (L),522
522024,Goode Beach (L),522
522025,Goomalling (L),522
522026,Green Head (L),522
522027,Greenbushes (L),522
522028,Guilderton (L),522
522029,Herne Hill (L),522
522030,Jerramungup (L),522
522031,Jigalong (L),522
522032,Kalumburu (L),522
522033,Kendenup (L),522
522034,Kiwirrkurra (L),522
522035,Kondinin (L),522
522036,Koorda (L),522
522037,Kulin (L),522
522038,Lake Grace (L),522
522039,Laverton (L),522
522040,Ledge Point (L),522
522041,Leeman (L),522
522042,Leinster (L),522
522043,Looma (L),522
522044,Marble Bar (L),522
522045,Mindibungu (L),522
522046,Mingenew (L),522
522047,Morawa (L),522
522048,Mukinbudin (L),522
522049,Mullewa (L),522
522050,Narembeen (L),522
522051,North Dandalup (L),522
522052,Nullagine (L),522
522053,Papulankutja (L),522
522054,Perenjori (L),522
522055,Point Samson (L),522
522056,Ravensthorpe (L),522
522057,Rottnest Island (L),522
522058,Tambellup (L),522
522059,Three Springs (L),522
522060,Tjuntjuntjara (L),522
522061,Walpole (L),522
522062,Wangkatjungka (L),522
522063,Warakurna (L),522
522064,Warmun (L),522
522065,Wickepin (L),522
522066,Williams (L),522
522067,Wiluna (L),522
522068,Wooroloo (L),522
522069,Wyalkatchem (L),522
522070,Yarloop (L),522
522071,Yungngora (L),522
531001,Remainder of State/Territory (WA),531
579997,Migratory - Offshore - Shipping (WA),579
599994,No usual address (WA),599
603001,Hobart,603
611001,Launceston,611
612001,Burnie - Somerset,612
612002,Devonport,612
613001,Ulverstone,613
614001,Dodges Ferry - Lewisham,614
614002,New Norfolk,614
614003,Wynyard,614
615001,Beaconsfield,615
615002,Beauty Point,615
615003,Bridport,615
615004,Cygnet,615
615005,Deloraine,615
615006,Evandale,615
615007,Exeter (Tas.),615
615008,George Town,615
615009,Hadspen,615
615010,Huonville,615
615011,Latrobe,615
615012,Legana,615
615013,Longford,615
615014,Margate,615
615015,Midway Point,615
615016,Penguin,615
615017,Perth (Tas.),615
615018,Port Sorell,615
615019,Primrose Sands,615
615020,Queenstown,615
615021,Scottsdale,615
615022,Sheffield,615
615023,Smithton,615
615024,Snug,615
615025,Sorell,615
615026,St Helens,615
615027,Westbury,615
621001,Bagdad (L),621
621002,Bicheno (L),621
621003,Campania (L),621
621004,Campbell Town (L),621
621005,Carrick (L),621
621006,Clifton Beach (L),621
621007,Cremorne (L),621
621008,Cressy (L),621
621009,Currie (L),621
621010,Dover (L),621
621011,Electrona (L),621
621012,Fern Tree (L),621
621013,Geeveston (L),621
621014,Gravelly Beach (L),621
621015,Grindelwald (L),621
621016,Howden (L),621
621017,Low Head (L),621
621018,Oatlands (L),621
621019,Orford (L),621
621020,Railton (L),621
621021,Ranelagh (L),621
621022,Richmond (L) (Tas.),621
621023,Rosebery (L),621
621024,Scamander (L),621
621025,South Arm (L),621
621026,Stanley (L),621
621027,Stieglitz (L),621
621028,Strahan (L),621
621029,Sulphur Creek (L),621
621030,Swansea (L),621
621031,Triabunna (L),621
621032,Zeehan (L),621
622001,Binalong Bay (L),622
622002,Bothwell (L),622
622003,Bracknell (L),622
622004,Collinsvale (L),622
622005,Dilston (L),622
622006,Dunalley (L),622
622007,Eaglehawk Neck (L),622
622008,Fingal (L),622
622009,Forth (L),622
622010,Franklin (L),622
622011,Gawler (L) (Tas.),622
622012,Heybridge (L),622
622013,Hillwood (L),622
622014,Kempton (L),622
622015,Kettering (L),622
622016,Lilydale (L),622
622017,Mole Creek (L),622
622018,Nubeena (L),622
622019,Opossum Bay (L),622
622020,Ridgley (L),622
622021,Ross (L),622
622022,Sisters Beach (L),622
622023,St Marys (L),622
622024,Swan Point (L),622
622025,Tullah (L),622
622026,Waratah (L),622
622027,White Beach (L),622
631001,Remainder of State/Territory (Tas.),631
679997,Migratory - Offshore - Shipping (Tas.),679
699994,No usual address (Tas.),699
703001,Darwin,703
712001,Alice Springs,712
714001,Katherine,714
715001,Galiwinku,715
715002,Gunbalanya (Oenpelli),715
715003,Maningrida,715
715004,Milingimbi,715
715005,Ngukurr,715
715006,Nhulunbuy,715
715007,Tennant Creek,715
715008,Wadeye,715
715009,Wurrumiyanga (Nguiu),715
721001,Alyangula (L),721
721002,Angurugu (L),721
721003,Borroloola (L),721
721004,Daguragu - Kalkarindji (L),721
721005,Gapuwiyak (L),721
721006,Hermannsburg (L),721
721007,Howard Springs (L),721
721008,Humpty Doo (L),721
721009,Jabiru (L),721
721010,Lajamanu (L),721
721011,Minyerri (L),721
721012,Numbulwar (L),721
721013,Ramingining (L),721
721014,Santa Teresa (Ltyentye Purte) (L),721
721015,Wugular (Beswick) (L),721
721016,Yirrkala (L),721
721017,Yuendumu (L),721
721018,Yulara (L),721
722001,Adelaide River (L),722
722002,Ali Curung (L),722
722003,Alpurrurulam (L),722
722004,Amoonguna (L),722
722005,Ampilatwatja (L),722
722006,Apatula (Finke) (L),722
722007,Areyonga (L),722
722008,Atitjere (L),722
722009,Barunga (L),722
722010,Batchelor (L),722
722011,Binjari (L),722
722012,Bulman - Weemol (L),722
722013,Canteen Creek (L),722
722014,Elliott (L),722
722015,Gunyangara (L),722
722016,Ilparpa (L),722
722017,Jilkminggan (L),722
722018,Kaltukatjara (Docker River) (L),722
722019,Laramba (L),722
722020,Mataranka (L),722
722021,Milikapiti (L),722
722022,Minjilang (L),722
722023,Mutitjulu (L),722
722024,Nauiyu Nambiyu (Daly River) (L),722
722025,Nganmarriyanga (Palumpa) (L),722
722026,Nyirripi (L),722
722027,Papunya (L),722
722028,Pine Creek (L),722
722029,Pirlangimpi (L),722
722030,Robinson River (Mungoorbada) (L),722
722031,Timber Creek (L),722
722032,Titjikala (L),722
722033,Umbakumba (L),722
722034,Wagait Beach - Mandorah (L),722
722035,Walungurru (Kintore) (L),722
722036,Warruwi (L),722
722037,Willowra (L),722
722038,Wutunugurra (L),722
722039,Yarralin (L),722
722040,Yuelamu (L),722
731001,Remainder of State/Territory (NT),731
779997,Migratory - Offshore - Shipping (NT),779
799994,No usual address (NT),799
802001,Canberra - Queanbeyan (Canberra Part),802
822001,Hall (L),822
822002,Uriarra Village (L),822
831001,Remainder of State/Territory (ACT),831
879997,Migratory - Offshore - Shipping (ACT),879
899994,No usual address (ACT),899
915001,Flying Fish Cove,915
921001,Norfolk Island (L),921
922001,Home Island (L),922
922002,Jervis Bay (L),922
922003,West Island (L),922
931001,Remainder of State/Territory (OT),931
979997,Migratory - Offshore - Shipping (OT),979
999994,No usual address (OT),999
ZZZZZZ,Outside Australia,ZZZ
